status_id,status_name,status_type,transit
"296500","–ü–æ—Ç–µ–Ω—Ü–∏–∞–ª—å–Ω—ã–π –∑–∞–∫–∞–∑","valid","0"
"323199","–ü—Ä–∏–≤–æ–∑ –Ω–∞–∑–Ω–∞—á–µ–Ω –ú–æ—Å–∫–≤–∞","success","0"
"323200","–ü—Ä–∏–µ–º–∫–∞","success","0"
"325560","–î—É–º–∞–µ—Ç –ú–°–ö","valid","1"
"325561","–ü—Ä–∏–≤–µ–∑–µ—Ç —Å–∞–º –ú–°–ö","valid","1"
"338355","–ü—Ä–∏–≤–æ–∑ –Ω–∞–∑–Ω–∞—á–µ–Ω. –í—ã–µ–∑–¥ –ú–æ—Å–∫–≤–∞","success","0"
"349470","–°–ö–ö. –ù–µ –≤—ã—Ö–æ–¥–∏—Ç –Ω–∞ —Å–≤—è–∑—åüìµ –ú–°–ö","success","0"
"349471","–°–ö–ö. –ö–ª–∏–µ–Ω—Ç —Å–ª–∏–≤–∞–µ—Ç—Å—èüöΩ –ú–°–ö","success","0"
"349472","–°–ö–ö. –ü–æ–¥—Ç–≤–µ—Ä–∂–¥–µ–Ω–∏–µ –¥–æ—Å—Ç–∞–≤–∫–∏‚úîÔ∏è","success","0"
"349473","–°–ö–ö. –£—Ç–æ—á–Ω–µ–Ω–∏–µ –∏–Ω—Ç–µ—Ä–≤–∞–ª–∞üïô –ú–°–ö","success","0"
"349474","–°–ö–ö. –ü—Ä–∏–≤–µ–∑–µ—Ç —Å–∞–º –°–ü–ë","success","0"
"349475","–°–ö–ö. –ü—Ä–∏–≤–µ–∑–µ—Ç —Å–∞–º –ú–°–ö","success","0"
"383005","–î–ï–ó. –ò–Ω–∂–µ–Ω–µ—Ä –Ω–µ –Ω–∞–∑–Ω–∞—á–µ–Ω","invalid","0"
"383009","–î–ï–ó. –¢—Ä–µ–±—É–µ—Ç—Å—è —Å–≤—è–∑–∞—Ç—å—Å—è","success","0"
"395235","–î–û–ü.–î–û–°–¢–ê–í–ö–ê - –ü—Ä–∏–≤–æ–∑ –Ω–∞–∑–Ω–∞—á–µ–Ω","invalid","0"
"427269","–û—Ç–∫–∞–∑ –æ—Ç –ø—Ä–∏–≤–æ–∑–∞. –£–µ—Ö–∞–ª","success","0"
"433846","–ö–¶. –û—Ç–∫–∞–∑ –ø–æ –≤–∏–Ω–µ –ª–æ–≥–∏—Å—Ç–∏–∫–∏","success","0"
"440148","–ü–æ—Ç–µ–Ω—Ü–∏–∞–ª—å–Ω—ã–π –∑–∞–∫–∞–∑. –ù–ê–í–´–ï–ó–î–ï","success","0"
"440760","–î—É–º–∞–µ—Ç. –ù–ê–í–´–ï–ó–î–ï","invalid","0"
"445781","–î–ï–ó. –ü–æ—Ç–µ–Ω—Ü–∏–∞–ª—å–Ω—ã–π –∑–∞–∫–∞–∑","success","0"
"1153991","–ü–æ—Ç–µ–Ω—Ü–∏–∞–ª—å–Ω—ã–π –∫–∞–Ω–¥–∏–¥–∞—Ç","invalid","0"
"1154085","–ö–∞–Ω–¥–∏–¥–∞—Ç –ù/–î","invalid","0"
"1309263","–ë–¢ –≤—ã–µ–∑–¥. –ü–æ—Ç–µ–Ω—Ü–∏–∞–ª—å–Ω—ã–π –∑–∞–∫–∞–∑","invalid","0"
"1331681","–ë–¢ –≤—ã–µ–∑–¥. –ö–¶ –¥—É–º–∞–µ—Ç","invalid","0"
"1331684","–ë–¢ –≤—ã–µ–∑–¥. –ú–∞—Å—Ç–µ—Ä –Ω–µ –Ω–∞–∑–Ω–∞—á–µ–Ω","invalid","0"
"1354984","–ë–¢ –≤—ã–µ–∑–¥. –ü–µ—Ä–µ–¥–∞—Ç—å –Ω–∞ –∞—É—Ç—Å–æ—Ä—Å","invalid","0"
"1358274","–ü–µ—Ä–µ–¥–∞–Ω–æ –ø–∞—Ä—Ç–Ω–µ—Ä–∞–º","success","0"
"1420396","–ü—Ä–∏–≤–æ–∑ –Ω–∞–∑–Ω–∞—á–µ–Ω. –°–ü–ë","success","0"
"1420397","–ü—Ä–∏–≤–æ–∑ –Ω–∞–∑–Ω–∞—á–µ–Ω. –í—ã–µ–∑–¥ –°–ü–ë","success","0"
"1420398","–ü—Ä–∏–≤–æ–∑ –Ω–∞–∑–Ω–∞—á–µ–Ω. –ß–ú –ú–æ—Å–∫–≤–∞","success","0"
"1420399","–ü—Ä–∏–≤–æ–∑ –Ω–∞–∑–Ω–∞—á–µ–Ω. –í—ã–µ–∑–¥ –ß–ú –ú–æ—Å–∫–≤–∞","success","0"
"1420400","–ü—Ä–∏–≤–æ–∑ –Ω–∞–∑–Ω–∞—á–µ–Ω. –ß–ú –°–ü–ë","success","0"
"1420401","–ü—Ä–∏–≤–æ–∑ –Ω–∞–∑–Ω–∞—á–µ–Ω. –í—ã–µ–∑–¥ –ß–ú –°–ü–ë","success","0"
"1426220","–°–ª–∏–≤ –ú–æ—Å–∫–≤–∞ - –∫–æ–Ω—Ç—Ä–æ–ª—å –ü–∞—à–∞","success","0"
"1470921","–¢–µ—Å—Ç–æ–≤—ã–π —Å—Ç–∞—Ç—É—Å","invalid","0"
"1474412","–ù–∞ –ø—Ä–æ–∑–≤–æ–Ω","success","0"
"1477682","–°–ö–ö. –ù–µ –≤—ã—Ö–æ–¥–∏—Ç –Ω–∞ —Å–≤—è–∑—åüìµ –°–ü–ë","success","0"
"1481991","–°–ö–ö.–ù–µ –≤—ã—Ö–æ–¥–∏—Ç –Ω–∞ —Å–≤—è–∑—å.–ú–°–ö.–ß–ú","success","0"
"1481992","–°–ö–ö.–£—Ç–æ—á–Ω–µ–Ω–∏–µ –∏–Ω—Ç–µ—Ä–≤–∞–ª–∞.–ú–°–ö.–ß–ú","success","0"
"1495257","–°–ö–ö. –ö–ª–∏–µ–Ω—Ç —Å–ª–∏–≤–∞–µ—Ç—Å—è –°–ü–ë","success","0"
"1495274","–°–ö–ö. –£—Ç–æ—á–Ω–µ–Ω–∏–µ –∏–Ω—Ç–µ—Ä–≤–∞–ª–∞ –°–ü–ë","success","0"
"1506509","–ù–∞ –ø—Ä–æ–∑–≤–æ–Ω. –Æ—Ä –ª–∏—Ü–æ","success","0"
"323201","–î–∏–∞–≥–Ω–æ—Å—Ç–∏–∫–∞üî¨","success","0"
"323203","–î–∏–∞–≥–Ω–æ—Å—Ç–∏–∫–∞ –∑–∞–≤–µ—Ä—à–µ–Ω–∞üíµ","success","0"
"323208","–í —Ä–µ–º–æ–Ω—Çüõ†","success","0"
"323209","–û–∂–∏–¥–∞—é—Ç—Å—è –∑–∞–ø—á–∞—Å—Ç–∏","success","0"
"324856","–ü—Ä–µ–¥–≤–∞—Ä–∏—Ç–µ–ª—å–Ω—ã–π –∑–∞–∫–∞–∑ –∑—á","success","0"
"324872","–û–ø–ª–∞—á–µ–Ω–æ –®–ü","success","0"
"325119","–ó–∞–ø—Ä–æ—Å –≤ –∑–∞–∫—É–ø–∫—É","success","0"
"367584","üöÅ–ü–µ—Ä–µ–º–µ—â–µ–Ω–∏–µ –∑—á –ú–°–ö --> –°–ü–ë‚öôÔ∏è","invalid","0"
"373558","–ù–æ–≤–∞—è –ø—Ä–æ–±–ª–µ–º–∞","success","0"
"383011","–î–ï–ó. –í —Ä–∞–±–æ—Ç–µ","invalid","0"
"383014","–ù–∞–∑–Ω–∞—á–µ–Ω –º–∞—Å—Ç–µ—Ä. –ù–ê –í–´–ï–ó–î–ï","success","0"
"886818","–î–µ–º–æ–Ω—Ç–∞–∂/–£—Å—Ç–∞–Ω–æ–≤–∫–∞","invalid","0"
"1075147","–ö–æ–Ω—Ç—Ä–æ–ª—å —É—Å–ª—É–≥ –∏ –∑—á","invalid","0"
"1080713","–î–ï–ó. –ù—É–∂–µ–Ω –∑–∞–∫—Ä–µ–ø","invalid","0"
"1082459","–ó–∞–ø—Ä–æ—Å –≤ –∑–∞–∫—É–ø–∫—É. –ü—Ä–æ–≤–µ—Ä–∫–∞","success","0"
"1153994","–ö–∞–Ω–¥–∏–¥–∞—Ç –¥—É–º–∞–µ—Ç","invalid","0"
"1154031","–ü—Ä–∏–≥–ª–∞—à–µ–Ω –Ω–∞ —Å–æ–±–µ—Å–µ–¥–æ–≤–∞–Ω–∏–µ","invalid","0"
"1173037","–û–±–Ω–∞—Ä—É–∂–µ–Ω –±—Ä–∞–∫","success","0"
"1188671","–ñ–∞–ª–æ–±–∞(–Ω–æ–≤–∞—è)","invalid","0"
"1188686","–ñ–∞–ª–æ–±–∞(–≤ —Ä–∞–±–æ—Ç–µ)","invalid","0"
"1299728","–ê—Ä–±–∏—Ç—Ä–∞–∂ –∂–∞–ª–æ–±—ã","invalid","0"
"1309265","–ë–¢ –≤—ã–µ–∑–¥. –í —Ä–∞–±–æ—Ç–µ","invalid","0"
"1309282","–ë–¢ –≤—ã–µ–∑–¥. –ü–æ–¥—Ç–≤–µ—Ä–∂–¥–µ–Ω–∏–µ —Ä–∞–±–æ—Ç","invalid","0"
"1357310","–ë–¢ –≤—ã–µ–∑–¥. –ü–µ—Ä–µ–¥–∞–Ω–æ –≤ –∞—É—Ç—Å–æ—Ä—Å","invalid","0"
"296497","–°–æ–±—Ä–∞—Ç—å‚öí","success","0"
"296498","–†–µ–º. –∑–∞–≤–µ—Ä—à–µ–Ω ‚úÖ","success","0"
"323217","–°–ª—É–∂–µ–±–Ω—ã–π –°—Ç–∞—Ç—É—Å","invalid","0"
"324871","–û–∂–∏–¥–∞–µ—Ç –æ–ø–ª–∞—Ç—ã (–ë–µ–∑–Ω–∞–ª)","success","0"
"364918","–†–µ–º–æ–Ω—Ç –∑–∞–≤–µ—Ä—à–µ–Ω. –ë–µ–ª–æ—Ä—É—Å—Å–∫–∞—è‚úÖ","success","0"
"369060","–†–µ–º–æ–Ω—Ç –∑–∞–≤–µ—Ä—à–µ–Ω. –°–µ—Ä–µ–±—Ä–∏—Å—Ç—ã–π","success","0"
"369068","–†–µ–º–æ–Ω—Ç –∑–∞–≤–µ—Ä—à–µ–Ω. –ö–æ–º—Å–æ–º–æ–ª–∞","success","0"
"383012","–î–ï–ó. –ñ–¥–µ—Ç –±–µ–∑–Ω–∞–ª","invalid","0"
"440783","–û–∂–∏–¥–∞–µ–º –æ–ø–ª–∞—Ç—ã. –ù–ê–í–´–ï–ó–î–ï","success","0"
"453942","–ë–µ–∑—Ä—É–∫–æ–≤. –°–æ–±—Ä–∞—Ç—å - –ø—Ä–æ–≤–µ—Ä–∫–∞","success","0"
"1153997","–°—Ç–∞–∂–∏—Ä–æ–≤–∫–∞ –∫–∞–Ω–¥–∏–¥–∞—Ç–∞","invalid","0"
"1167888","–°–æ–±—Ä–∞—Ç—å - –∫–æ–Ω—Ç—Ä–æ–ª—å","success","0"
"1313112","–ë–¢. –ñ–¥–µ—Ç –æ–ø–ª–∞—Ç—ã(–±–µ–∑–Ω–∞–ª)","invalid","0"
"1329172","–†–µ–º–æ–Ω—Ç –ó–∞–≤–µ—Ä—à–µ–Ω. –°–ü–ë –ù–∞—Ä–≤—Å–∫–∞—è","success","0"
"1331680","–ë–¢ –≤—ã–µ–∑–¥. –î—É–º–∞–µ—Ç","invalid","0"
"1405408","–ë–¢ –≤—ã–µ–∑–¥. –ü—Ä–æ–≤–µ—Ä–∫–∞ –æ–ø–ª–∞—Ç—ã","invalid","0"
"1507240","–°–ü–ë –°–æ–±—Ä–∞—Ç—å - –∫–æ–Ω—Ç—Ä–æ–ª—å","success","0"
"296496","–û–∂–∏–¥–∞–µ—Ç –≤—ã–¥–∞—á–∏ –í–æ–π–∫–æ–≤—Å–∫–∞—è","success","0"
"324869","–û—Ç–∫–∞–∑ –∫–ª–∏–µ–Ω—Ç–∞ –æ—Ç –æ–±–æ—Ä—É–¥–æ–≤–∞–Ω–∏—è","success","0"
"324870","–û—Ç–≤–µ—Ç—Å—Ç–≤–µ–Ω–Ω–æ–µ —Ö—Ä–∞–Ω–µ–Ω–∏–µ","success","0"
"344719","–û–∂. –≤—ã–¥–∞—á–∏. –¢–∏–º–∏—Ä—è–∑–µ–≤—Å–∫–∞—è","success","0"
"353881","–û–∂–∏–¥–∞–µ—Ç –≤—ã–¥–∞—á–∏ –°–ü–ë","success","0"
"355586","–ù–∞ –†–ú","success","0"
"374562","–í –ø—Ä–æ–¥–∞–∂—É","success","0"
"383013","–î–ï–ó. –†–∞–±–æ—Ç—ã –≤—ã–ø–æ–ª–Ω–µ–Ω—ã","invalid","0"
"874093","–£—Ç–∏–ª—å. –ü—Ä–æ–º–µ–∂—É—Ç–æ—á–Ω—ã–π –ø–æ–¥—Ç–∏–ø","success","0"
"1073888","–î–ï–ó. –ñ–¥–µ—Ç –æ–ø–ª–∞—Ç—ã –±–µ–∑–Ω–∞–ª","invalid","0"
"1322671","–û–∂. –≤—ã–¥–∞—á–∏. –°–ü–ë –ù–∞—Ä–≤—Å–∫–∞—è","success","0"
"323198","–î–æ—Å—Ç–∞–≤–∫–∞.–ë–µ–ª–æ—Ä—É—Å—Å–∫–∞—è","success","0"
"323219","–î–æ—Å—Ç–∞–≤–ª–µ–Ω–æ","success","0"
"324942","–ó–∞–±—Ä–∞–ª –æ–±–æ—Ä—É–¥–æ–≤–∞–Ω–∏–µ","success","0"
"324943","–ü—Ä–∏–≤–µ–∑–µ–Ω–æ","success","0"
"327089","–í–æ–¥–∏—Ç–µ–ª—å –Ω–∞–∑–Ω–∞—á–µ–Ω","success","0"
"328224","–û–∫—Ç—è–±—Ä—å—Å–∫–æ–µ –ø–æ–ª–µ --> –í–æ–π–∫–æ–≤—Å–∫–∞—è","success","0"
"328225","–í–æ–π–∫–æ–≤—Å–∫–∞—è -->–û–∫—Ç—è–±—Ä—å—Å–∫–æ–µ –ø–æ–ª–µ","success","0"
"338357","–ó–∞–±—Ä–∞–ª –æ–±–æ—Ä—É–¥–æ–≤–∞–Ω–∏–µ. –í—ã–µ–∑–¥","success","0"
"338365","–ü—Ä–∏–≤–µ–∑–µ–Ω–æ. –í—ã–µ–∑–¥","success","0"
"349784","–û—Ç–¥–∞–ª —Ç–æ–≤–∞—Ä","success","0"
"355259","–î–æ—Å—Ç–∞–≤–∫–∞.–¢–∏–º–∏—Ä—è–∑–µ–≤—Å–∫–∞—è üöÄ","success","0"
"364478","–î–æ—Å—Ç–∞–≤–∫–∞ –°–ü–ë","success","0"
"376399","–û—Ç–¥–∞–ª —Ç–æ–≤–∞—Ä –ü–æ–ª–µ–∂–∞–µ–≤—Å–∫–∞—è","success","0"
"376407","–û—Ç–¥–∞–ª —Ç–æ–≤–∞—Ä –ë–µ–ª–æ—Ä—É—Å—Å–∫–∞—è","success","0"
"378171","–ë–µ–ª–∫–∞->–ü–æ–ª–µ–∂.–î–æ—Å—Ç–∞–≤–∫–∞","success","0"
"435390","–í–æ–¥–∏—Ç–µ–ª—å –Ω–∞–∑–Ω–∞—á–µ–Ω. –ü—Ä–∏–≤–æ–∑.","success","0"
"435391","–í–æ–¥–∏—Ç–µ–ª—å –Ω–∞–∑–Ω–∞—á–µ–Ω. –û—Ç–≤–æ–∑.","success","0"
"960847","‚ùå –ü—Ä–æ–±–ª–µ–º–Ω–∞—è –¥–æ—Å—Ç–∞–≤–∫–∞ ‚ùå","success","0"
"1271765","–°–ø–æ—Ä —Å –¥–æ—Å—Ç–∞–≤–∏—Å—Ç–æ–π","success","0"
"1322672","–î–æ—Å—Ç–∞–≤–∫–∞. –°–ü–ë –ù–∞—Ä–≤—Å–∫–∞—è","success","0"
"1467781","–í–æ–¥–∏—Ç–µ–ª—å –Ω–∞–∑–Ω–∞—á–µ–Ω. –ü—Ä–∏–≤–æ–∑ –í—ã–µ–∑–¥","success","0"
"296495","–ó–∞–∫—Ä—ã—Ç","success","0"
"325563","–£—Ç–∏–ª—å","success","0"
"353981","–û–∂–∏–¥–∞–µ—Ç –∑–∞–∫—Ä—ã—Ç–∏—è","success","0"
"383008","–î–ï–ó. –ó–∞–∫—Ä—ã—Ç","invalid","0"
"431473","–£—Ç–∏–ª—å.–õ","success","0"
"431571","–ó–∞–∫—Ä—ã—Ç—ã–π.–£—Ç–∏–ª—å","success","0"
"440784","–ó–∞–∫—Ä—ã—Ç. –ù–ê –í–´–ï–ó–î–ï","success","0"
"1153998","–ö–∞–Ω–¥–∏–¥–∞—Ç —É—Å—Ç—Ä–æ–µ–Ω","invalid","0"
"1188687","–ñ–∞–ª–æ–±–∞(–∑–∞–∫—Ä—ã—Ç–∞)","invalid","0"
"1313108","–ë–¢ –≤—ã–µ–∑–¥. –ó–∞–∫—Ä—ã—Ç—ã–π","invalid","0"
"1358293","–ë–¢ –≤—ã–µ–∑–¥. –ê—É—Ç—Å–æ—Ä—Å –∑–∞–∫—Ä—ã—Ç","invalid","0"
"1368490","–ë–¢ –≤—ã–µ–∑–¥.–ó–∞–∫—Ä—ã—Ç –±–µ–∑ –¥–µ–Ω–µ–≥","invalid","0"
"296494","–ö–¶. –ø–µ—Ä–µ–¥—É–º–∞–ª","valid","0"
"323206","–û—Ç–∫–∞–∑ –æ—Ç –ø—Ä–∏–≤–æ–∑–∞","success","0"
"323220","–û—Ç–∫–∞–∑ –Ω–∞ –ø—Ä–∏–µ–º–∫–µ","success","0"
"324865","–ö–¶. –¥–æ—Ä–æ–≥–æ","valid","1"
"324866","–ö–¶. –Ω–µ –æ—Ç–≤–µ—á–∞–µ—Ç","valid","0"
"324867","–ö–¶. –¥–∞–ª–µ–∫–æ","valid","0"
"324868","–ö–¶. –Ω–µ–∫–æ—Ä—Ä–µ–∫—Ç–Ω—ã–π –Ω–æ–º–µ—Ä","valid","0"
"324873","–ö–¶. –Ω–µ —Ä–µ–º–æ–Ω—Ç–∏—Ä—É–µ–º","valid","0"
"334841","–ö–¶. –Ω–µ—Ü–µ–ª–µ–≤–æ–π","valid","0"
"353142","–ö–¶. –î—É–±–ª—å","invalid","0"
"355770","–û—Ç–∫–∞–∑ –ø–æ –≤–∏–Ω–µ –≤–æ–¥–∏—Ç–µ–ª—è","success","0"
"383004","–î–ï–ó. –û—Ç–∫–∞–∑","invalid","0"
"383006","–î–ï–ó. –ó–∞–∫—Ä—ã—Ç –±–µ–∑ –¥–µ–Ω–µ–≥","invalid","0"
"426188","–ü–†–æ–¥–∞–∂–∞ –ó–ß","valid","0"
"427265","–û—Ç–∫–∞–∑ –æ—Ç –ø—Ä–∏–≤–æ–∑–∞. –ü–µ—Ä–µ–¥—É–º–∞–ª","success","0"
"427266","–û—Ç–∫–∞–∑ –æ—Ç –ø—Ä–∏–≤–æ–∑–∞. –ó–∞—Ä–∞–±–æ—Ç–∞–ª–æ","success","0"
"427267","–û—Ç–∫–∞–∑ –æ—Ç –ø—Ä–∏–≤–æ–∑–∞. –ù–µ –∞–ª–ª–æ","success","0"
"427268","–û—Ç–∫–∞–∑ –æ—Ç –ø—Ä–∏–≤–æ–∑–∞. –£–∂–µ –≤ –¥—Ä. –°–¶","success","0"
"427270","–û—Ç–∫–∞–∑ –æ—Ç –ø—Ä–∏–≤–æ–∑–∞. –û—à–∏–±–∫–∞ –ö–¶","success","0"
"433117","–ö–¶. –ù–µ —É–≥–æ–≤–æ—Ä–∏–ª","valid","0"
"433126","–ö–¶. –ú–∞—Å—Ç–µ—Ä-–°–¢–û–ü‚õîÔ∏è","valid","1"
"433229","–ö–¶. –°–ø–∞–ºü§¨","invalid","0"
"946218","–û—Ç–∫–∞–∑ –æ—Ç –ø—Ä–∏–≤–æ–∑–∞. –ü–æ –í–∏–Ω–µ –°–ö–ö","success","0"
"946219","–û—Ç–∫–∞–∑ –æ—Ç –ø—Ä–∏–≤–æ–∑–∞. –í–∏–Ω–∞ –õ–æ–≥–∏—Å—Ç–∏–∫–∏","success","0"
"946220","–û—Ç–∫–∞–∑ –æ—Ç –ø—Ä–∏–≤–æ–∑–∞. –ó–∞—Ä–∞–±–æ—Ç–∞–ª –¥–æ–º–∞","success","0"
"946221","–û—Ç–∫–∞–∑ –ö–¶. –°–ª–∏–ª–∏ –∑–∞–∫–∞–∑","valid","1"
"997969","–û—Ç–∫–∞–∑ –æ—Ç –ø—Ä–∏–≤–æ–∑–∞. –°–ö–ö-–°–ª–∏–≤–∞–µ—Ç—Å—è","success","0"
"1153995","–ö–∞–Ω–¥–∏–¥–∞—Ç –æ—Ç–∫–∞–∑–∞–ª—Å—è","invalid","0"
"1153996","–ù–µ –ø—Ä–∏—à–µ–ª –Ω–∞ —Å–±—Å","invalid","0"
"1154086","–ö–∞–Ω–¥–∏–¥–∞—Ç –Ω–µ –∞–ª–µ","invalid","0"
"1313106","–ë–¢ –≤—ã–µ–∑–¥. –ö–¶ –û—Ç–∫–∞–∑","invalid","0"
"1327802","–ë–¢ –≤—ã–µ–∑–¥. –ö–¶ –Ω–µ—Ü–µ–ª–µ–≤–æ–π","invalid","0"
"1331682","–ë–¢ –≤—ã–µ–∑–¥. –ö–¶ –¥–∞–ª–µ–∫–æ","invalid","0"
"1331683","–ë–¢ –≤—ã–µ–∑–¥. –ö–¶ –ê—É—Ç—Å–æ—Ä—Å","invalid","0"
"1368491","–ë–¢ –≤—ã–µ–∑–¥.–ö–¶ –¥—É–±–ª—å","invalid","0"
"1373811","–ë–¢ –≤—ã–µ–∑–¥. –ö–¶ –Ω–µ —á–∏–Ω–∏–º","invalid","0"
"1459756","–ñ–∞–ª–æ–±–∞(–¥—É–±–ª—å)","invalid","0"
"1481221","–ö–¶. –†–µ–º–æ–Ω—Ç –ø–æ –≥–∞—Ä–∞–Ω—Ç–∏–∏","valid","0"
"1523210","–û—Ç–∫–∞–∑ –æ—Ç –ø—Ä–∏–≤–æ–∑–∞. –ü—Ä–æ–∏–∑–≤–æ–¥—Å—Ç–≤–æ","success","0"
"1571382","–ë–¢ –≤—ã–µ–∑–¥. –ß–ú –Ω–µ –Ω–∞–∑–Ω–∞—á–µ–Ω",\N,"0"
"1543446","–†–µ–º–æ–Ω—Ç –Ω–∞ –∞—É—Ç—Å–æ—Ä—Å–µ","success","0"
"1551999","–ü–µ—Ä–µ—Å–æ–≥–ª–∞—Å–æ–≤–∞–Ω–∏–µ –∑–∞–∫–∞–∑–∞","success","0"
"1572479","–î–æ–±–∏—Ç—å","success","0"
"1576953","–ó–∞–ø—Ä–æ—Å –≤ –∑–∞–∫—É–ø–∫—É..–†–µ–º.–Ω–µ–≤–æ–∑–º–æ–∂–µ–Ω","success","0"
"1577519","–ë–¢. –î–æ–ª–≥–∏–π —Ä–µ–º–æ–Ω—Ç",\N,"0"
"1543743","–ê–≤—Ç–æ–†–µ–º. –ó–∞–≤–µ—Ä—à–µ–Ω","success","0"
"1587421","–î–∏–∞–≥–Ω–æ—Å—Ç–∏–∫–∞. –ì–∞—Ä–∞–Ω—Ç–∏—è –º—Å–∫",\N,"0"
"1587422","–ü–æ–¥—Ç–≤–µ—Ä–∂–¥–µ–Ω–∏–µ –≥–∞—Ä–∞–Ω—Ç–∏–∏. –º—Å–∫",\N,"0"
"1589697","–ê–≤—Ç–æ–†–µ–º. –ó–∞–≤–µ—Ä—à–µ–Ω –°–ü–ë","success","0"
"1639469","–ü—Ä–∏–≤–µ–∑–µ—Ç —Å–∞–º –°–ü–ë","valid","1"
"1639470","–î—É–º–∞–µ—Ç –°–ü–ë","valid","1"
"1641038","–î—É–º–∞–µ—Ç –ß–ú –ú–°–ö","valid","1"
"1641039","–î—É–º–∞–µ—Ç –ß–ú –°–ü–ë","valid","1"
"1641040","–ü—Ä–∏–≤–µ–∑–µ—Ç —Å–∞–º –ß–ú –ú–°–ö","valid","1"
"1641041","–ü—Ä–∏–≤–µ–∑–µ—Ç —Å–∞–º –ß–ú –°–ü–ë","valid","1"
"1646930","–ü—Ä–æ–≤–µ—Ä–∫–∞ –Æ–ª—è","valid","0"
"1646931","–ö–¶ –æ—Ç–∫–∞–∑ –ø—Ä–µ–¥–∑–∞–∫–∞–∑","valid","0"
"1654471","–î–° —á–µ—Ä–Ω–æ–≤–∏–∫",\N,"0"
"1654472","–î–° –Ω–∞ –ø–æ–¥—Ç–≤–µ—Ä–∂–¥–µ–Ω–∏–µ",\N,"0"
"1654474","–î–° –ø–æ–¥—Ç–≤–µ—Ä–∂–¥–µ–Ω–æ",\N,"0"
"1654475","–î–° –≤—ã–¥–∞–Ω–æ",\N,"0"
"1654476","–î–° –æ—Ç–∫–∞–∑",\N,"0"
"1656117","–ü–µ—Ä–µ–º–µ—â–µ–Ω–∏–µ –î–°",\N,"0"
"1738056","–î–æ–ø–∫–∞ –≤—ã–ø–æ–ª–Ω–µ–Ω–∞",\N,"0"
"1768462","–ì–∞—Ä–∞–Ω—Ç–∏—è. –û–±—Ä–∞—â–µ–Ω–∏–µ",\N,"0"
"1768463","–ì–∞—Ä–∞–Ω—Ç–∏—è. –£—Ç–æ—á–Ω–µ–Ω–∏–µ –∏–Ω—Ñ–æ—Ä–º–∞—Ü–∏–∏",\N,"0"
"1768464","–ì–∞—Ä–∞–Ω—Ç–∏—è. –û–¥–æ–±—Ä–µ–Ω–æ",\N,"0"
"1768465","–ì–∞—Ä–∞–Ω—Ç–∏—è. –û—Ç–∫–∞–∑",\N,"0"
"1784962","–ê–≤—Ç–æ. –ù–æ–≤—ã–π –∑–∞–∫–∞–∑",\N,"0"
"1784963","–ê–≤—Ç–æ. –ü–æ–¥–±–æ—Ä –ê–≤—Ç–æ",\N,"0"
"1784964","–ê–≤—Ç–æ. –°–æ–≥–ª–∞—Å–æ–≤–∞–Ω–∏–µ –∞–≤—Ç–æ",\N,"0"
"1784965","–ê–≤—Ç–æ. –ö–ª–∏–µ–Ω—Ç –¥—É–º–∞–µ—Ç",\N,"0"
"1784966","–ê–≤—Ç–æ. –û–∂–∏–¥–∞–Ω–∏–µ –æ–ø–ª–∞—Ç—ã",\N,"0"
"1784967","–ê–≤—Ç–æ. –û–∂–∏–¥–∞–Ω–∏–µ –¥–æ—Å—Ç–∞–≤–∫–∏ –≤ –ë–∏—à–∫–µ–∫",\N,"0"
"1784968","–ê–≤—Ç–æ. –î–æ—Å—Ç–∞–≤–∫–∞ –ë–∏—à–∫–µ–∫",\N,"0"
"1784969","–ê–≤—Ç–æ. –û–∂–∏–¥–∞–Ω–∏–µ –¥–æ—Å—Ç–∞–≤–∫–∏ –≤ –ú–æ—Å–∫–≤—É",\N,"0"
"1784970","–ê–≤—Ç–æ. –î–æ—Å—Ç–∞–≤–∫–∞ –≤ –ú–æ—Å–∫–≤—É",\N,"0"
"1768467","–ì–∞—Ä–∞–Ω—Ç–∏—è. –£—Å–ø–µ—à–Ω–æ —Å–ª–∏—Ç",\N,"0"
"1784971","–ê–≤—Ç–æ. –ù–µ —É–≥–æ–≤–æ—Ä–∏–ª",\N,"0"
"1784972","–ê–≤—Ç–æ. –°—Ç–æ–ø —Ñ–∞–∫—Ç–æ—Ä",\N,"0"
"1832510","–°—Ç–æ–ø. –ü–∞—Ä—Ç–Ω–µ—Ä",\N,"0"
"1832511","–ì–∞—Ä–∞–Ω—Ç–∏—è. –ü–∞—Ä—Ç–Ω–µ—Ä",\N,"0"
"3021071","–ü—Ä–∏–≤–æ–∑ –°–º–∞—Ä—Ç—Ñ–æ–Ω",\N,"0"
"3021074","–ü—Ä–∏–≤–µ–∑–µ—Ç —Å–º–∞—Ä—Ç—Ñ–æ–Ω –ü–æ–ª–µ–∂–∞–µ–≤—Å–∫–∞—è",\N,"0"
"3021075","–ü—Ä–∏–≤–µ–∑–µ—Ç —Å–º–∞—Ä—Ç—Ñ–æ–Ω –í–µ—Ä–Ω–∞–¥—Å–∫–æ–≥–æ",\N,"0"
"3021072","–î–∏–∞–≥–Ω–æ—Å—Ç–∏–∫–∞ —Å–º–∞—Ä—Ç—Ñ–æ–Ω",\N,"0"
"3021073","–í —Ä–µ–º–æ–Ω—Ç —Å–º–∞—Ä—Ç—Ñ–æ–Ω","success","0"
"3021102","–î–ó –°–º–∞—Ä—Ç—Ñ–æ–Ω",\N,"0"
"3021100","–û–∂–∏–¥–∞–µ—Ç –≤—ã–¥–∞—á–∏ –ü–æ–ª–µ–∂–∞–µ–≤—Å–∫–∞—è",\N,"0"
"3021101","–û–∂–∏–¥–∞–µ—Ç –≤—ã–¥–∞—á–∏ –í–µ—Ä–Ω–∞–¥—Å–∫–æ–≥–æ",\N,"0"
"2999091","–î–æ–ø.–¥–æ—Å—Ç–∞–≤–∫–∞ –û–¢–ö–ê–ó",\N,"0"
"3021103","–û—Ç–∫–∞–∑ –æ—Ç –ø—Ä–∏–≤–æ–∑–∞ –°–º–∞—Ä—Ç—Ñ–æ–Ω","valid","0"
"3100958","–ë–¢ –≤—ã–µ–∑–¥. –û—à–∏–±–∫–∞ –ö–¶",\N,"0"
"3246650","–ñ–∞–ª–æ–±–∞(–§–µ–π–∫)",\N,"0"
